id;program_id;type;created_by;created_at;updated_by;updated_at
1;Oregon Knolls Frozen;Expense;overriding invoice Granite;2021-06-09;invoice;2021-06-09
2;Buckinghamshire Sports;Assignment;Regional;2021-06-09;Designer Towels CFA;2021-06-10
3;Wall workforce;Expense;integrated;2021-06-09;Investor;2021-06-10
4;Point Metal navigating;Timesheet;AGP partnerships;2021-06-09;index Cotton Rubber;2021-06-10
5;synergize Algeria;Expense;Berkshire primary bluetooth;2021-06-09;e-commerce reboot;2021-06-10
6;matrix Run;Assignment;Architect Practical Yemen;2021-06-09;redundant;2021-06-09
7;copy;Timesheet;mindshare;2021-06-10;cohesive California;2021-06-09
8;scale Handmade compress;Assignment;Granite Rupiah;2021-06-09;Sleek Rustic;2021-06-10
9;Movies;Job;Branding neural;2021-06-09;Cambridgeshire Solutions California;2021-06-09
10;Down-sized;Job;Dollar;2021-06-09;Islands;2021-06-09
