id;program_id;type;approve_call_back_url;reject_call_back_url;created_by;created_at;updated_by;updated_at;final_status
1;Intelligent;Offer;markets;Texas Ergonomic;overriding;2021-06-09;Toys Hat;2021-06-09;REJECTED
2;Web;Timesheet;Creative;Missouri neural;Groves streamline;2021-06-09;parsing maximize XML;2021-06-09;REJECTED
3;Greens;Timesheet;silver;Producer navigate;Account Practical;2021-06-10;Paradigm initiatives;2021-06-10;INIT
4;Automotive;Offer;Japan;blockchains Ball override;deposit portal;2021-06-09;bluetooth paradigms lime;2021-06-10;REJECTED
5;Response;Assignment;initiative Frozen;Garden withdrawal Tome;Tactics;2021-06-10;transmitter violet;2021-06-09;INIT
6;incubate;Offer;York e-services Manor;Books Ergonomic;Philippine;2021-06-09;Multi-lateral;2021-06-09;APPROVED
7;indexing;Offer;empowering;Avon HDD;rich Granite Minnesota;2021-06-09;Executive;2021-06-10;INIT
8;Developer;Invoice;Virginia Gloves extranet;Pants multi-tasking;olive;2021-06-09;Valley;2021-06-10;INIT
9;Buckinghamshire;Expense;Rustic;Investor Jewelery;distributed Central;2021-06-09;Incredible;2021-06-10;APPROVED
10;Ball Tools 1080p;Expense;quantify Democratic redundant;Swaziland index Franc;East;2021-06-09;quantifying HDD;2021-06-09;APPROVED
